{
  "project_info": {
    "project_number": "279475335075",
    "project_id": "super-textiles-android-app",
    "storage_bucket": "super-textiles-android-app.appspot.com"
  },
  "client": [
    {
      "client_info": {
        "mobilesdk_app_id": "1:279475335075:android:c9b46d88bdb0a3f80cb416",
        "android_client_info": {
          "package_name": "com.areeb.supertextiles"
        }
      },
      "oauth_client": [
        {
          "client_id": "279475335075-aqiv51pnstrutniobd5o8rgc81bdq6uk.apps.googleusercontent.com",
          "client_type": 1,
          "android_info": {
            "package_name": "com.areeb.supertextiles",
            "certificate_hash": "f9730cf93e13c10cf15d8894d539b52326cb7721"
          }
        },
        {
          "client_id": "279475335075-3rng55h0hrdrae36jjuk66a25i4085ta.apps.googleusercontent.com",
          "client_type": 3
        }
      ],
      "api_key": [
        {
          "current_key": "AIzaSyAMjS0E5pc1gBZCz2kGd_LJw9qPyQ9DxP8"
        }
      ],
      "services": {
        "appinvite_service": {
          "other_platform_oauth_client": [
            {
              "client_id": "279475335075-3rng55h0hrdrae36jjuk66a25i4085ta.apps.googleusercontent.com",
              "client_type": 3
            }
          ]
        }
      }
    }
  ],
  "configuration_version": "1"
}